Name,Edition,Quanity,Language,Price
Gilded Lotus,2013 Core Set,2,,
Mana Crypt (Book),Promotional,,,
Sensei's Divining Top,Champions of Kamigawa,,,
Sword of Feast and Famine,Mirrodin Besieged,,,
Ensnaring Bridge,Stronghold,,,
Wurmcoil Engine,Scars of Mirrodin,,,
Spellskite,New Phyrexia,,Japanese,
Rings of Brighthearth,Lorwyn,2,Simplified Chinese,
Thran Dynamo,Urza's Destiny,,,
Maze of Ith,The Dark,,,
High Market,From the Vault: Realms,2,,
All Is Dust,Rise of the Eldrazi,,,
All Is Dust,Modern Masters 2015,,,
Wasteland,Tempest,2,,
Coalition Relic,Duel Decks: Phyrexia Vs. The Coalition,,,
Sculpting Steel,10th Edition,,,
Chromatic Lantern,Return to Ravnica,2,,
Inkmoth Nexus,Mirrodin Besieged,,,
Cavern of Souls,Avacyn Restored,2,,
Snapcaster Mage,Innistrad,,,
Homeward Path,Commander,,,
Ancient Tomb,Tempest,,,
Ancestral Vision,Time Spiral,2,,
Serum Visions,Fifth Dawn,2,,
Mutavault,2014 Core Set,,,
Kor Haven,Nemesis,,,
Underground Sea,3rd Edition,3,,
Tropical Island,3rd Edition,2,,
Bayou,3rd Edition,1,,
Academy Rector,Urza's Destiny,,,
Land Tax,4th Edition,,,
Land Tax ,Legends,,Italian,
