Name,Edition,Quanity,Language
Gilded Lotus,Magic 2013,2,
Mana Crypt,Book Promo,,
Sensei's Divining Top,Champions of Kamigawa,,
Sword of Feast and Famine,Mirrodin Besieged,,
Ensnaring Bridge,Stronghold,,
Wurmcoil Engine,Scars of Mirrodin,,
Spellskite,,,Japanese
Rings of Brighthearth,Lorwyn,2,Simplified Chinese
Thran Dynamo,Urza's Destiny,,
Maze of Ith,The Dark,,
High Market,From the Vault: Realms,2,
All is Dust,Rise of the Eldrazi,,
All is Dust,Modern Masters 2015 Edition,,
Wasteland,Tempest,2,
Coalition Relic,Duel Decks: Phyrexia vs. the Coalition,,
Sculpting Steel,Tenth Edition,,
Chromatic Lantern,Return to Ravnica,2,
Inkmoth Nexus,Mirrodin Besieged,,
Cavern of Souls,Avacyn Restored,2,
Snapcaster Mage,Innistrad,,
Homeward Path,Commander,,
Ancient Tomb,Tempest,,
Ancestral Vision,Time Spiral,2,
Serum Visions,Fifth Dawn,2,
Mutavault,Magic 2014,,
Kor Haven,Nemesis,,
Underground Sea,Revised,3,
Tropical Island,Revised,2,
Bayou,Revised,1,
Academy Rector,Urza's Destiny,,
Land Tax,Fourth Edition,,
Land Tax ,Legends,,Italian